{
  "samples": 29001,
  "outcome_type_counts": {
    "-1": 14034,
    "0": 1051,
    "1": 13916
  },
  "time_distribution": {
    "-1": {
      "count": 14034,
      "mean": 375.63837822431236,
      "median": 248.0,
      "p25": 118.0,
      "p75": 496.75
    },
    "0": {
      "count": 1051,
      "mean": 1706.6584205518554,
      "median": 1803.0,
      "p25": 1801.0,
      "p75": 1806.0
    },
    "1": {
      "count": 13916,
      "mean": 346.33357286576603,
      "median": 239.0,
      "p25": 115.0,
      "p75": 462.0
    }
  },
  "hourly_stats": {
    "0": {
      "-1": 309,
      "0": 90,
      "1": 332
    },
    "1": {
      "-1": 392,
      "0": 12,
      "1": 615
    },
    "2": {
      "-1": 656,
      "0": 3,
      "1": 629
    },
    "3": {
      "-1": 667,
      "0": 0,
      "1": 599
    },
    "4": {
      "-1": 697,
      "0": 13,
      "1": 472
    },
    "5": {
      "-1": 618,
      "0": 9,
      "1": 548
    },
    "6": {
      "-1": 587,
      "0": 25,
      "1": 530
    },
    "7": {
      "-1": 800,
      "0": 0,
      "1": 398
    },
    "8": {
      "-1": 790,
      "0": 0,
      "1": 474
    },
    "9": {
      "-1": 561,
      "0": 0,
      "1": 732
    },
    "10": {
      "-1": 594,
      "0": 0,
      "1": 758
    },
    "11": {
      "-1": 623,
      "0": 19,
      "1": 674
    },
    "12": {
      "-1": 636,
      "0": 41,
      "1": 605
    },
    "13": {
      "-1": 607,
      "0": 62,
      "1": 597
    },
    "14": {
      "-1": 678,
      "0": 0,
      "1": 609
    },
    "15": {
      "-1": 636,
      "0": 0,
      "1": 719
    },
    "16": {
      "-1": 549,
      "0": 0,
      "1": 819
    },
    "17": {
      "-1": 656,
      "0": 0,
      "1": 724
    },
    "18": {
      "-1": 738,
      "0": 2,
      "1": 593
    },
    "19": {
      "-1": 686,
      "0": 10,
      "1": 499
    },
    "20": {
      "-1": 352,
      "0": 129,
      "1": 645
    },
    "21": {
      "-1": 400,
      "0": 200,
      "1": 529
    },
    "22": {
      "-1": 236,
      "0": 252,
      "1": 591
    },
    "23": {
      "-1": 566,
      "0": 184,
      "1": 225
    }
  },
  "spread_binned_stats": {
    "spread_points": [
      {
        "bin": "[2.0000,3.0000]",
        "samples": 3574,
        "outcome_type_counts": {
          "-1": 1799,
          "1": 1617,
          "0": 158
        },
        "avg_outcome_time": 463.3917179630666
      },
      {
        "bin": "[3.0000,3.0000]",
        "samples": 0
      },
      {
        "bin": "[3.0000,5.0000]",
        "samples": 12350,
        "outcome_type_counts": {
          "-1": 6008,
          "1": 5957,
          "0": 385
        },
        "avg_outcome_time": 395.839028340081
      },
      {
        "bin": "[5.0000,9.0000]",
        "samples": 7223,
        "outcome_type_counts": {
          "1": 3670,
          "-1": 3403,
          "0": 150
        },
        "avg_outcome_time": 385.0365499100097
      },
      {
        "bin": "[9.0000,196.0000]",
        "samples": 5854,
        "outcome_type_counts": {
          "-1": 2824,
          "1": 2672,
          "0": 358
        },
        "avg_outcome_time": 437.15271609156133
      }
    ]
  },
  "direction_relation": {
    "-1": {
      "-1": 4195,
      "0": 176,
      "1": 4504
    },
    "1": {
      "-1": 9839,
      "0": 875,
      "1": 9412
    }
  }
}