{
  "samples": 301205,
  "outcome_type_counts": {
    "-1": 145920,
    "0": 6545,
    "1": 148740
  },
  "time_distribution": {
    "-1": {
      "count": 145920,
      "mean": 315.11351425438596,
      "median": 203.0,
      "p25": 94.0,
      "p75": 406.0
    },
    "0": {
      "count": 6545,
      "mean": 1622.298090145149,
      "median": 1802.0,
      "p25": 1801.0,
      "p75": 1805.0
    },
    "1": {
      "count": 148740,
      "mean": 294.0486150329434,
      "median": 200.0,
      "p25": 93.0,
      "p75": 390.0
    }
  },
  "hourly_stats": {
    "0": {
      "-1": 1125,
      "0": 278,
      "1": 1753
    },
    "1": {
      "-1": 2485,
      "0": 68,
      "1": 3410
    },
    "2": {
      "-1": 7697,
      "0": 26,
      "1": 7717
    },
    "3": {
      "-1": 7340,
      "0": 0,
      "1": 6097
    },
    "4": {
      "-1": 5574,
      "0": 110,
      "1": 4275
    },
    "5": {
      "-1": 4705,
      "0": 54,
      "1": 4322
    },
    "6": {
      "-1": 4131,
      "0": 188,
      "1": 4079
    },
    "7": {
      "-1": 6182,
      "0": 0,
      "1": 3725
    },
    "8": {
      "-1": 7640,
      "0": 0,
      "1": 4389
    },
    "9": {
      "-1": 6423,
      "0": 0,
      "1": 7965
    },
    "10": {
      "-1": 8256,
      "0": 0,
      "1": 10155
    },
    "11": {
      "-1": 7415,
      "0": 207,
      "1": 7963
    },
    "12": {
      "-1": 7273,
      "0": 349,
      "1": 6225
    },
    "13": {
      "-1": 5924,
      "0": 452,
      "1": 5858
    },
    "14": {
      "-1": 7234,
      "0": 0,
      "1": 7441
    },
    "15": {
      "-1": 9808,
      "0": 0,
      "1": 10808
    },
    "16": {
      "-1": 9147,
      "0": 0,
      "1": 13486
    },
    "17": {
      "-1": 11939,
      "0": 0,
      "1": 13284
    },
    "18": {
      "-1": 9960,
      "0": 4,
      "1": 7891
    },
    "19": {
      "-1": 5656,
      "0": 89,
      "1": 4576
    },
    "20": {
      "-1": 2457,
      "0": 714,
      "1": 4296
    },
    "21": {
      "-1": 2935,
      "0": 1114,
      "1": 3748
    },
    "22": {
      "-1": 1413,
      "0": 1548,
      "1": 4064
    },
    "23": {
      "-1": 3201,
      "0": 1344,
      "1": 1213
    }
  },
  "spread_binned_stats": {
    "spread_points": [
      {
        "bin": "[2.0000,3.0000]",
        "samples": 30025,
        "outcome_type_counts": {
          "-1": 15410,
          "1": 13730,
          "0": 885
        },
        "avg_outcome_time": 398.53382181515406
      },
      {
        "bin": "[3.0000,4.0000]",
        "samples": 75141,
        "outcome_type_counts": {
          "-1": 37979,
          "1": 35274,
          "0": 1888
        },
        "avg_outcome_time": 366.73596305612114
      },
      {
        "bin": "[4.0000,6.0000]",
        "samples": 64765,
        "outcome_type_counts": {
          "1": 33087,
          "-1": 31058,
          "0": 620
        },
        "avg_outcome_time": 287.9795414189763
      },
      {
        "bin": "[6.0000,9.0000]",
        "samples": 64070,
        "outcome_type_counts": {
          "1": 34171,
          "-1": 29246,
          "0": 653
        },
        "avg_outcome_time": 315.08319026065243
      },
      {
        "bin": "[9.0000,198.0000]",
        "samples": 67204,
        "outcome_type_counts": {
          "1": 32478,
          "-1": 32227,
          "0": 2499
        },
        "avg_outcome_time": 326.9870245818701
      }
    ]
  },
  "direction_relation": {
    "-1": {
      "-1": 48909,
      "0": 1225,
      "1": 53425
    },
    "1": {
      "-1": 97011,
      "0": 5320,
      "1": 95315
    }
  }
}