{
  "samples": 172192,
  "outcome_type_counts": {
    "-1": 83542,
    "0": 4391,
    "1": 84259
  },
  "time_distribution": {
    "-1": {
      "count": 83542,
      "mean": 336.2418903066721,
      "median": 219.0,
      "p25": 103.0,
      "p75": 438.0
    },
    "0": {
      "count": 4391,
      "mean": 1653.013208836256,
      "median": 1802.0,
      "p25": 1801.0,
      "p75": 1806.0
    },
    "1": {
      "count": 84259,
      "mean": 312.77251094838533,
      "median": 216.0,
      "p25": 101.0,
      "p75": 416.0
    }
  },
  "hourly_stats": {
    "0": {
      "-1": 851,
      "0": 229,
      "1": 1157
    },
    "1": {
      "-1": 1666,
      "0": 50,
      "1": 2351
    },
    "2": {
      "-1": 4171,
      "0": 16,
      "1": 4161
    },
    "3": {
      "-1": 4204,
      "0": 0,
      "1": 3511
    },
    "4": {
      "-1": 3567,
      "0": 77,
      "1": 2632
    },
    "5": {
      "-1": 3010,
      "0": 39,
      "1": 2755
    },
    "6": {
      "-1": 2709,
      "0": 123,
      "1": 2614
    },
    "7": {
      "-1": 3980,
      "0": 0,
      "1": 2244
    },
    "8": {
      "-1": 4655,
      "0": 0,
      "1": 2678
    },
    "9": {
      "-1": 3671,
      "0": 0,
      "1": 4582
    },
    "10": {
      "-1": 4262,
      "0": 0,
      "1": 5333
    },
    "11": {
      "-1": 4153,
      "0": 126,
      "1": 4533
    },
    "12": {
      "-1": 4217,
      "0": 212,
      "1": 3728
    },
    "13": {
      "-1": 3607,
      "0": 293,
      "1": 3465
    },
    "14": {
      "-1": 4343,
      "0": 0,
      "1": 4249
    },
    "15": {
      "-1": 4963,
      "0": 0,
      "1": 5496
    },
    "16": {
      "-1": 4388,
      "0": 0,
      "1": 6592
    },
    "17": {
      "-1": 5393,
      "0": 0,
      "1": 6091
    },
    "18": {
      "-1": 5360,
      "0": 3,
      "1": 4305
    },
    "19": {
      "-1": 3581,
      "0": 62,
      "1": 2829
    },
    "20": {
      "-1": 1629,
      "0": 490,
      "1": 2918
    },
    "21": {
      "-1": 1944,
      "0": 782,
      "1": 2520
    },
    "22": {
      "-1": 966,
      "0": 1056,
      "1": 2696
    },
    "23": {
      "-1": 2252,
      "0": 833,
      "1": 819
    }
  },
  "spread_binned_stats": {
    "spread_points": [
      {
        "bin": "[2.0000,3.0000]",
        "samples": 18496,
        "outcome_type_counts": {
          "-1": 9470,
          "1": 8394,
          "0": 632
        },
        "avg_outcome_time": 417.7446474913495
      },
      {
        "bin": "[3.0000,4.0000]",
        "samples": 45570,
        "outcome_type_counts": {
          "-1": 22929,
          "1": 21325,
          "0": 1316
        },
        "avg_outcome_time": 386.86394557823127
      },
      {
        "bin": "[4.0000,6.0000]",
        "samples": 36348,
        "outcome_type_counts": {
          "1": 18566,
          "-1": 17378,
          "0": 404
        },
        "avg_outcome_time": 308.06223175965664
      },
      {
        "bin": "[6.0000,9.0000]",
        "samples": 35264,
        "outcome_type_counts": {
          "1": 18694,
          "-1": 16132,
          "0": 438
        },
        "avg_outcome_time": 338.6972266333938
      },
      {
        "bin": "[9.0000,198.0000]",
        "samples": 36514,
        "outcome_type_counts": {
          "-1": 17633,
          "1": 17280,
          "0": 1601
        },
        "avg_outcome_time": 361.6514213726242
      }
    ]
  },
  "direction_relation": {
    "-1": {
      "-1": 26984,
      "0": 788,
      "1": 29209
    },
    "1": {
      "-1": 56558,
      "0": 3603,
      "1": 55050
    }
  }
}